{"cameraMode":{"drawMode":0,"name":"Shaded","section":"Shading Mode"},"sceneLighting":false,"audioPlay":false,"sceneViewState":{"m_AlwaysRefresh":false,"showFog":false,"showSkybox":false,"showFlares":false,"showImageEffects":false,"showParticleSystems":false,"showVisualEffectGraphs":true,"m_FxEnabled":true},"in2DMode":false,"pivot":{"x":-0.07168642431497574,"y":1.2151867151260377,"z":0.14274418354034425},"rotation":{"x":0.000620052102021873,"y":-0.9957787394523621,"z":0.09168004989624024,"w":0.006578069645911455},"size":1.1111419200897217,"orthographic":false}