{"cameraMode":{"drawMode":0,"name":"Shaded","section":"Shading Mode"},"sceneLighting":false,"audioPlay":false,"sceneViewState":{"m_AlwaysRefresh":false,"showFog":false,"showSkybox":false,"showFlares":false,"showImageEffects":false,"showParticleSystems":false,"showVisualEffectGraphs":true,"m_FxEnabled":true},"in2DMode":false,"pivot":{"x":-0.21081137657165528,"y":1.24473237991333,"z":-0.07203315198421478},"rotation":{"x":-0.008295554667711258,"y":-0.9916794896125794,"z":0.09430526196956635,"w":-0.08738739788532257},"size":0.7199800610542297,"orthographic":false}