{"cameraMode":{"drawMode":0,"name":"Shaded","section":"Shading Mode"},"sceneLighting":false,"audioPlay":false,"sceneViewState":{"m_AlwaysRefresh":false,"showFog":false,"showSkybox":false,"showFlares":false,"showImageEffects":false,"showParticleSystems":false,"showVisualEffectGraphs":true,"m_FxEnabled":true},"in2DMode":false,"pivot":{"x":0.11427485942840576,"y":0.885429859161377,"z":-0.11601066589355469},"rotation":{"x":-0.040195316076278689,"y":-0.9570615291595459,"z":0.16262489557266236,"w":-0.2366401106119156},"size":0.8845595121383667,"orthographic":false}