{"cameraMode":{"drawMode":0,"name":"Shaded","section":"Shading Mode"},"sceneLighting":true,"audioPlay":false,"sceneViewState":{"m_AlwaysRefresh":false,"showFog":true,"showSkybox":false,"showFlares":true,"showImageEffects":true,"showParticleSystems":true,"showVisualEffectGraphs":true,"m_FxEnabled":true},"in2DMode":false,"pivot":{"x":0.1300135850906372,"y":-0.2012513279914856,"z":0.3332306146621704},"rotation":{"x":0.08352586627006531,"y":0.4631575345993042,"z":-0.043899182230234149,"w":0.8812390565872192},"size":0.8600996136665344,"orthographic":false}